id,isAttachedTo
a1f55,abdca
a1f55,cb0a0
a6c77,5544c99e-eaa7-4c01-aae5-f4489688c0ad
a6c77,a1b82
a895f,7f966adf-7c0c-4ac5-ad21-5285f12613b1
a895f,fe097
b5d48,fbac5
b5d48,id9f130f49
c5939,db9af
c5939,id76fd2d3d
c64cf,f024f
c64cf,f3a66
c8dcd,b6707
c8dcd,d4c61
c944f,b572b
c944f,fbb24
cb0a0,7f966adf-7c0c-4ac5-ad21-5285f12613b1
cb0a0,7fca6ef2-8836-409b-a958-5287134aee49
ce0c7,f3a66
ce0c7,ba400
d4c61,7fca6ef2-8836-409b-a958-5287134aee49
d4c61,e5801
d8f60,e5ed4
d8f60,fcb11
dd781,ba400
dd781,fe097
e716b,fbb24
e716b,fe097
e7971,5bb70a76-a68d-42f5-95e1-c0c3fe844963
e7971,a35e2
ed696,f3a66
ed696,fe097
f22a6,fbac5
f22a6,id3ce16c65
f37b8,7fca6ef2-8836-409b-a958-5287134aee49
f37b8,fe097
fcb11,f1f07
fcb11,d75a6
ff4dc,efed0
ff4dc,id7e514711
ffe16,d57de
ffe16,id2a64001c
id11a9408d,d4ecc
id11a9408d,idf7ba2d00
id14a2d5cb,e7796
id14a2d5cb,fe097
id18e2508c,bdaf6
id18e2508c,id6c5646af
id1cf1f81b,db9af
id1cf1f81b,c64cf
id1d7f18a4,f61fe
id1d7f18a4,ide4e50ef4
id29727578,b0754
id29727578,idf478372c
id2a64001c,d75a6
id2a64001c,e7796
id311902fb,a0f65
id311902fb,id69a11954
id37c98e78,aa2dc
id37c98e78,idd3f3507c
id3b984473,aa2dc
id3b984473,id4f45c808
id3ce16c65,7fa16bfd-eb60-4e59-884c-a8fb91a24e29
id3ce16c65,7fca6ef2-8836-409b-a958-5287134aee49
id443b35e7,f980f
id443b35e7,a1b82
id4a26cab2,bdaf6
id4a26cab2,id65d57b6c
id4cb2e256,e6ee0
id4cb2e256,id3ce16c65
id4d9cbdb2,e5ed4
id4d9cbdb2,c944f
id4f0e47d2,5108b288-a0bc-4e12-bc22-870a8ef9789d
id4f0e47d2,f024f
id4f45c808,5544c99e-eaa7-4c01-aae5-f4489688c0ad
id4f45c808,7fa16bfd-eb60-4e59-884c-a8fb91a24e29
id50dfa72c,ba05f
id50dfa72c,iddb51756e
id5fd9b17a,f61fe
id5fd9b17a,idd78e11ba
id637bafd1,6b539c79-feb0-429d-bdb1-66fa6a826c7d
id637bafd1,ac07c
id646048dd,fbf29
id646048dd,id637bafd1
id65d57b6c,5544c99e-eaa7-4c01-aae5-f4489688c0ad
id65d57b6c,f980f
id6651e60c,efed0
id6651e60c,id899b1e3c
id69a11954,b04d90ba-5750-4666-a8ca-e02bbc4e2ec5
id69a11954,986c2526-bd34-4c47-bde0-1ce1b9e3dd2a
id6ae83e19,b6707
id6ae83e19,id4f0e47d2
id6c5646af,f980f
id6c5646af,5544c99e-eaa7-4c01-aae5-f4489688c0ad
id6d5e383,e6ee0
id6d5e383,id9f130f49
id6d9744e8,dc963
id6d9744e8,f61fe
id6dfb5aa5,e8129
id6dfb5aa5,b0754
id6ff5899a,d1a53
id6ff5899a,a1493
id71ae0c76,e50af
id71ae0c76,id76eef3b9
id72757710,6b539c79-feb0-429d-bdb1-66fa6a826c7d
id72757710,bb4067dc-9d17-44ad-b30d-9d4055ea4c30
id76eef3b9,6b539c79-feb0-429d-bdb1-66fa6a826c7d
id76eef3b9,6b539c79-feb0-429d-bdb1-66fa6a826c7d
id76fd2d3d,e5801
id76fd2d3d,7f966adf-7c0c-4ac5-ad21-5285f12613b1
id793bfeb3,dce1e
id793bfeb3,aa2dc
id7b8946d0,abdca
id7b8946d0,ce0c7
id7e1a45fa,aa2bd
id7e1a45fa,ide5c0d2f2
id7e514711,5bb70a76-a68d-42f5-95e1-c0c3fe844963
id7e514711,f1f07
id8445fab5,b9c00
id8445fab5,iddb51756e
id899b1e3c,986c2526-bd34-4c47-bde0-1ce1b9e3dd2a
id899b1e3c,b572b
id90a651ec,d06d7
id90a651ec,idad8045a6
id9b751809,c642f
id9b751809,b5b07
id9f130f49,a21ef33b-5df9-4525-89ed-41347cc3875b
id9f130f49,e24296df-5350-4657-b3de-7182a580c9e4
ida693b3df,f0f50
ida693b3df,d883b
idacecac07,f980f
idacecac07,d3d47191-a2c9-49da-b3f5-85909530b1c6
idad3238f4,d883b
idad3238f4,idbc65fc0e
idad8045a6,b5b07
idad8045a6,ff573
idafbca045,adcb9
idafbca045,id6c5646af
idb1e2a8b7,c1289
idb1e2a8b7,idb880c49
idb532ea5f,c58ea
idb532ea5f,idacecac07
idb880c49,e24296df-5350-4657-b3de-7182a580c9e4
idb880c49,b04d90ba-5750-4666-a8ca-e02bbc4e2ec5
idb927b17f,a0f65
idb927b17f,idb880c49
idbbfe06a8,a87fe
idbbfe06a8,idad8045a6
idbc65fc0e,5544c99e-eaa7-4c01-aae5-f4489688c0ad
idbc65fc0e,6b539c79-feb0-429d-bdb1-66fa6a826c7d
idd3f3507c,5bb70a76-a68d-42f5-95e1-c0c3fe844963
idd3f3507c,a21ef33b-5df9-4525-89ed-41347cc3875b
idd78e11ba,ff573
idd78e11ba,f980f
iddb51756e,ff573
iddb51756e,5bb70a76-a68d-42f5-95e1-c0c3fe844963
iddcb3db6c,fa3bb
iddcb3db6c,id72757710
ide4e50ef4,5bb70a76-a68d-42f5-95e1-c0c3fe844963
ide4e50ef4,5544c99e-eaa7-4c01-aae5-f4489688c0ad
ide5c0d2f2,d3d47191-a2c9-49da-b3f5-85909530b1c6
ide5c0d2f2,6b539c79-feb0-429d-bdb1-66fa6a826c7d
ide7e364be,a1493
ide7e364be,idf478372c
idedb91888,d8960
idedb91888,cd588
idf478372c,5108b288-a0bc-4e12-bc22-870a8ef9789d
idf478372c,7fca6ef2-8836-409b-a958-5287134aee49
idf7ba2d00,7fca6ef2-8836-409b-a958-5287134aee49
idf7ba2d00,5108b288-a0bc-4e12-bc22-870a8ef9789d
idff116bc7,e8129
idff116bc7,id6ff5899a
