_c0,_c1,Hormone
Aldosterone,mayCauseUnderProductionOf,Tetrahydrocorticosterone
Aldosterone,mayCauseUnderProductionOf,Tetrahydrocortisol
Aldosterone,mayCauseUnderProductionOf,20beta-Dihydrocortisone
Aldosterone,mayCauseUnderProductionOf,Pregnenetriol
Aldosterone,mayCauseUnderProductionOf,20alpha-Hydroxyprogesterone
Aldosterone,mayCauseUnderProductionOf,Testosterone
Aldosterone,mayCauseUnderProductionOf,18-hydroxycorticosterone
Aldosterone,mayCauseUnderProductionOf,"5beta-pregnane-11beta,17alpha,20beta,21-tetrol-3-one"
Aldosterone,mayCauseUnderProductionOf,"5beta-Pregnane-17alpha,20alpha-diol-3,11-dione"
Aldosterone,mayCauseUnderProductionOf,18-oxo-dihydrocortisol
Aldosterone,mayCauseUnderProductionOf,Tetrahydrocortisone
Aldosterone,mayCauseUnderProductionOf,beta-cortolone
Aldosterone,mayCauseUnderProductionOf,Pregnenediol b
Aldosterone,mayCauseUnderProductionOf,"5beta-pregnane-3,20-dione"
Aldosterone,mayCauseUnderProductionOf,alpha-Cortol
Aldosterone,mayCauseUnderProductionOf,Pregnenolone
Aldosterone,mayCauseUnderProductionOf,"11β,18,21-trihydroxy-5β-pregnan-3,20-dione"
Aldosterone,mayCauseUnderProductionOf,5alpha-Tetrahydrocortisol
Aldosterone,mayCauseUnderProductionOf,21-deoxycortisol
Aldosterone,mayCauseUnderProductionOf,Aldosterone
Aldosterone,mayCauseUnderProductionOf,Oestradiol
Aldosterone,mayCauseUnderProductionOf,"5beta-pregnane-17alpha,20beta,21-triol-3,11-dione"
Aldosterone,mayCauseUnderProductionOf,Androstenedione
Aldosterone,mayCauseUnderProductionOf,Pregnanediol-3-glucuronide
Aldosterone,mayCauseUnderProductionOf,"17alpha-hydroxy-5beta-Pregnane-3,11,20-trione"
Aldosterone,mayCauseUnderProductionOf,5alpha-Dihydrocortisol
Aldosterone,mayCauseUnderProductionOf,"11b, 21-Dihydroxy-3,20-5b-Pregnan-18-al"
Aldosterone,mayCauseUnderProductionOf,Isoprogesterone
Aldosterone,mayCauseUnderProductionOf,17-hydroxyprogesterone
Aldosterone,mayCauseUnderProductionOf,20alpha-Hydroxycortisol
Aldosterone,mayCauseUnderProductionOf,Cortolic acid
Aldosterone,mayCauseUnderProductionOf,11beta-Hydroxyetiocholanolone
Aldosterone,mayCauseUnderProductionOf,beta-cortolonic acid
Aldosterone,mayCauseUnderProductionOf,"20R,22R-dihydroxycholesterol"
Aldosterone,mayCauseUnderProductionOf,Corticosterone
Aldosterone,mayCauseUnderProductionOf,3a-OH-5b-Pregnane-20-one
Aldosterone,mayCauseUnderProductionOf,21-Deoxycortisone
Aldosterone,mayCauseUnderProductionOf,11-Dehydrocorticosterone
Aldosterone,mayCauseUnderProductionOf,Cortisone
Aldosterone,mayCauseUnderProductionOf,Tetrahydroaldosterone
Aldosterone,mayCauseUnderProductionOf,Cortolonic acid
Aldosterone,mayCauseUnderProductionOf,20alpha-Dihydrocortisone
Aldosterone,mayCauseUnderProductionOf,"3alpha,11beta,18,21-tetrahydroxy-5beta-pregnan-20-one"
Aldosterone,mayCauseUnderProductionOf,"4,5beta-Dihydrocortisone"
Aldosterone,mayCauseUnderProductionOf,beta-cortolic acid
Aldosterone,mayCauseUnderProductionOf,"5alpha-pregnane-3,20-dione"
Aldosterone,mayCauseUnderProductionOf,5alpha-Dihydrocorticosterone
Aldosterone,mayCauseUnderProductionOf,18-hydroxycortisol
Aldosterone,mayCauseUnderProductionOf,Allotetrahydrocorticosterone
Aldosterone,mayCauseUnderProductionOf,"11b,17a 21-Trihydroxy-5bPregnane 3,20-dione"
Aldosterone,mayCauseUnderProductionOf,Dihydrotestosterone
Aldosterone,mayCauseUnderProductionOf,5beta-dihydrocortisol
Aldosterone,mayCauseUnderProductionOf,18-Hydroxy-11-dehydrotetrahydrocorticosterone
Aldosterone,mayCauseUnderProductionOf,Progesterone
Aldosterone,mayCauseUnderProductionOf,20beta-hydroxycortisol
Aldosterone,mayCauseUnderProductionOf,18-oxocortisol
Aldosterone,mayCauseUnderProductionOf,5beta-Dihydroaldosterone
Aldosterone,mayCauseUnderProductionOf,"5beta-Pregnane-3alpha,17alpha-diol-11,20-dione"
Aldosterone,mayCauseUnderProductionOf,5beta-Dihydrocorticosterone
Aldosterone,mayCauseUnderProductionOf,Aldosterone 18-glucuronide
Aldosterone,mayCauseUnderProductionOf,"5beta-pregnane-17alpha,20alpha,21-triol-3,11-dione"
Aldosterone,mayCauseUnderProductionOf,18-oxo-tetrahydrocortisol
Aldosterone,mayCauseUnderProductionOf,5beta-dihydrodeoxycorticosterone
Aldosterone,mayCauseUnderProductionOf,"4-Pregnene-17alpha,20alpha-diol-3,11-dione"
Aldosterone,mayCauseUnderProductionOf,Glucuronides
Aldosterone,mayCauseUnderProductionOf,beta-cortol
Aldosterone,mayCauseUnderProductionOf,17-hydroxypregnenolone
Aldosterone,mayCauseUnderProductionOf,3alpha-hydroxy-5beta-pregnan-20-one
Aldosterone,mayCauseUnderProductionOf,11-Deoxycortisol
Aldosterone,mayCauseUnderProductionOf,Cortisol
Aldosterone,mayCauseUnderProductionOf,Pregnanetriolone
Aldosterone,mayCauseUnderProductionOf,"3a,11b,21-Trihydroxy-20-Oxo-5b-Pregnan-18-al"
Aldosterone,mayCauseUnderProductionOf,alpha-cortolone
Aldosterone,mayCauseUnderProductionOf,11-Ketoetiocholanolone
Aldosterone,mayCauseUnderProductionOf,22R-Hydroxycholesterol
Aldosterone,mayCauseUnderProductionOf,Dehydroepiandrosterone
Aldosterone,mayCauseUnderProductionOf,11-deoxycorticosterone
Aldosterone,mayCauseUnderProductionOf,Pregnanediol
